{
  "system_name": "DEPLOY_ANYTHING",
  "version": "1.0.0",
  "architecture_overview": {
    "core_principle": "Autonomous deployment service that generates production-ready system artifacts from high-level specifications",
    "value_proposition": "$10,000 per deployment delivers complete architecture, implementation, verification, and deployment package",
    "target_domains": ["DeFi", "Infrastructure", "Agent Systems", "Protocol Development"]
  },
  "system_components": {
    "spec_normalization": {
      "purpose": "Parse and validate input specifications into canonical internal schema",
      "requirements": [
        "Reject under-specified requests",
        "Enforce completeness constraints",
        "Generate normalized specification objects"
      ],
      "failure_modes": ["Incomplete specs", "Ambiguous requirements", "Domain mismatch"]
    },
    "architecture_synthesis": {
      "purpose": "Generate system architecture from normalized specifications",
      "outputs": [
        "Module decomposition",
        "Interface definitions", 
        "State machine diagrams",
        "Invariants and constraints"
      ],
      "technologies": ["LLM-based design", "Pattern recognition", "Architecture templates"]
    },
    "threat_modeling": {
      "purpose": "Comprehensive security analysis and risk assessment",
      "coverage": [
        "Economic attack vectors",
        "State machine violations", 
        "Oracle and MEV exploits",
        "Access control vulnerabilities"
      ],
      "methodology": "Deep learning-based detection with 98.39% accuracy for access control"
    },
    "implementation_generation": {
      "purpose": "Generate production-ready code and configurations",
      "supported_languages": ["Solidity", "Rust", "Move", "Infrastructure as Code"],
      "quality_assurance": [
        "Built-in invariant checking",
        "Security pattern enforcement",
        "Code quality metrics"
      ]
    },
    "verification_harness": {
      "purpose": "Comprehensive testing and formal verification",
      "components": [
        "Unit test generation",
        "Property-based testing",
        "Fuzzing harnesses",
        "Formal verification proofs"
      ],
      "coverage_targets": ["100% critical path coverage", "Invariant preservation", "Security property verification"]
    },
    "deployment_orchestration": {
      "purpose": "Generate deployment plans and migration strategies",
      "deliverables": [
        "Step-by-step deployment guide",
        "Configuration parameters",
        "Rollback procedures",
        "Monitoring setup"
      ]
    }
  },
  "economic_model": {
    "pricing_structure": {
      "base_cost": 10000,
      "breakdown": {
        "compute_llm_pipeline": 4000,
        "verification_testing": 3000,
        "risk_buffer_insurance": 2000,
        "infrastructure_overhead": 1000
      }
    },
    "risk_mitigation": {
      "insurance_pool_contribution": 2000,
      "claim_process": "Quantified criteria based on exploit size and trigger signals",
      "coverage_ceiling": "Up to X times call price or predefined limit"
    }
  },
  "quality_gates": {
    "access_control": {
      "stake_requirement": 5000,
      "slashing_conditions": ["Malicious specs", "Impossible requirements"],
      "reputation_system": "Progressive complexity access based on successful deployments"
    },
    "complexity_budget": {
      "tier_1": "Single contract/module",
      "tier_2": "Multi-module system",
      "tier_3": "Complex protocol ecosystem"
    }
  },
  "output_specification": {
    "artifact_bundle": {
      "required_files": [
        "arch_spec.json",
        "src/",
        "tests/", 
        "verify_report.json",
        "deployment_plan.md",
        "value_justification.md"
      ]
    },
    "verification_requirements": [
      "Requirements mapping (spec → modules)",
      "Economic invariant proofs",
      "Dependency analysis",
      "Risk/reward profiles"
    ]
  }
}