{
  "index": 72,
  "leaf": "0xe28bcdc3edaf8759f5d2de59f98fbca21f27e39cdd9d8b2f3ce4fd8a5d7d0ecb",
  "proof": [
    {
      "position": "right",
      "hash": "0x4a50a45c0a02e54cd1971c8e115dc1342d11540bd4721b1dec3f7841992ef691"
    },
    {
      "position": "right",
      "hash": "0xd9b647808e057aff87db01dd0cafffe42b198b2a331c1383bf208001d30ac652"
    },
    {
      "position": "right",
      "hash": "0x11e97af016aef738defa13914ecb088f03e3e976076bd65a98c1ce19ce341fd3"
    },
    {
      "position": "left",
      "hash": "0xcd306ee9002d25642fc9b36a445e0bf99234a5973fa8299b292ae78d3cb76731"
    },
    {
      "position": "right",
      "hash": "0xd831c1cb882a4eb357cdc00b8e595ee943232e2c6d12a3079c5d796fae68b05d"
    },
    {
      "position": "right",
      "hash": "0xca52436d476ce75723a9069f7d57ac72a1afb6f10e07d3d73d4d2e2f4e2a8bfb"
    },
    {
      "position": "left",
      "hash": "0xb5a4aaff9bc2a1723c24f5acee96c8d76295490fed14e3813e87e9fb624a9b74"
    },
    {
      "position": "right",
      "hash": "0xac94f760ef8755d4d39444ace1508826a09aed39b94331a613802dbf462140e5"
    },
    {
      "position": "right",
      "hash": "0xc74566894d728157a797cf024feb7aaaaacff1074fb299a84c933da867228197"
    }
  ],
  "root": "0x7b01356cc2e7cfd4740b4231a4426d675500ced795b6b508311c7651ac587722"
}