{
  "index": 182,
  "leaf": "0x19577615fd2ef324379fa95ee7e89dbc33184c08ea70694de8c3e190899e93be",
  "proof": [
    {
      "position": "right",
      "hash": "0xbcf1e1295e5a8aaa9ff26c26b469051de55c4a5268420a41f466dfabdb60d0a7"
    },
    {
      "position": "left",
      "hash": "0x7c70d9cc9c1c1a2e9a2e4b00518641ad773db2126f6ce15237890ec50e1693a4"
    },
    {
      "position": "left",
      "hash": "0xe3e0d4f6fdeb0d4438d7b555c6760f2d8414113843bb69be38b03c72204856b6"
    },
    {
      "position": "right",
      "hash": "0xea251c752bf863f1fb5aee7a6e69205f04ed78c9522cc749058a2856a167cef1"
    },
    {
      "position": "left",
      "hash": "0x9cdfdaf2197bf69a0cfccf4b433316194d2d06dd0ef7fe063661d28c7ee38c97"
    },
    {
      "position": "left",
      "hash": "0xf0119639e5b1d6bd35ce9a02330a2cb7a45ac8e76117f1d9cbbedeca36f646b5"
    },
    {
      "position": "right",
      "hash": "0x1dcef5b6b7def510653ca4b265137caea41246fb2b2f8577c27aebab889c1bb1"
    },
    {
      "position": "left",
      "hash": "0x978636fe8847b97a2ed5c07b7b22bb2a4e2e5e24bf76d500d98e3a5aac07a5d7"
    },
    {
      "position": "right",
      "hash": "0xc74566894d728157a797cf024feb7aaaaacff1074fb299a84c933da867228197"
    }
  ],
  "root": "0x7b01356cc2e7cfd4740b4231a4426d675500ced795b6b508311c7651ac587722"
}