{
  "index": 52,
  "leaf": "0x6aa7c2bbbda29c0c375a3736478ba1913e573f1f83c2ceaa8e03086e6c6976b5",
  "proof": [
    {
      "position": "right",
      "hash": "0xe0f52c5c0507cca31b473f3ccbdbed3c3d489690e5f51317d648a7624c2a34aa"
    },
    {
      "position": "right",
      "hash": "0x33e8d54284d6a5080fb8df738edd931b8ab24c60e1df23af1280091c98ca7b87"
    },
    {
      "position": "left",
      "hash": "0x17b4b59d6c1e3fbc518a8b5805a62db7b1df31ffec745dadd0bca66e29d151ce"
    },
    {
      "position": "right",
      "hash": "0x61fdec01e32b45fc6b07ef5669467538fc0a487356e8f84edf9d2adb515a1d26"
    },
    {
      "position": "left",
      "hash": "0x02cfc94cd9c47af6fa95780c3b1e0e6c7f262ff9acdafe359adda6dc24c3a131"
    },
    {
      "position": "left",
      "hash": "0xb77f834d695bc87c51d31c06df03035cf2cb382f33ba8a4c6afede6cd073a8e9"
    },
    {
      "position": "right",
      "hash": "0x44d6ac7c5292a4e014bb16976541119d88e1ed24164209b9bf4d4b2b3f05c172"
    },
    {
      "position": "right",
      "hash": "0xac94f760ef8755d4d39444ace1508826a09aed39b94331a613802dbf462140e5"
    },
    {
      "position": "right",
      "hash": "0xc74566894d728157a797cf024feb7aaaaacff1074fb299a84c933da867228197"
    }
  ],
  "root": "0x7b01356cc2e7cfd4740b4231a4426d675500ced795b6b508311c7651ac587722"
}