{
  "index": 191,
  "leaf": "0x1bd2944430fc6a02f85ef3fb788fe43c3c3eb221fe35a1aceb88ce53e4c545ef",
  "proof": [
    {
      "position": "left",
      "hash": "0xe3b0c44298fc1c149afbf4c8996fb92427ae41e4649b934ca495991b7852b855"
    },
    {
      "position": "left",
      "hash": "0xbbc8a3fa91cc40f0c28f1670e84c895f5ddf62b932c8045807e42f5c6c7637ad"
    },
    {
      "position": "left",
      "hash": "0x374c10fafc1a3bd750da70d875c11caa3eb751c1a42bbb5a5746c60a24fa219b"
    },
    {
      "position": "left",
      "hash": "0xd1adb51bd81650d8c4e3a0faf0c276da2f8e08b3f704cfdd582144e1839777c6"
    },
    {
      "position": "left",
      "hash": "0x9cdfdaf2197bf69a0cfccf4b433316194d2d06dd0ef7fe063661d28c7ee38c97"
    },
    {
      "position": "left",
      "hash": "0xf0119639e5b1d6bd35ce9a02330a2cb7a45ac8e76117f1d9cbbedeca36f646b5"
    },
    {
      "position": "right",
      "hash": "0x1dcef5b6b7def510653ca4b265137caea41246fb2b2f8577c27aebab889c1bb1"
    },
    {
      "position": "left",
      "hash": "0x978636fe8847b97a2ed5c07b7b22bb2a4e2e5e24bf76d500d98e3a5aac07a5d7"
    },
    {
      "position": "right",
      "hash": "0xc74566894d728157a797cf024feb7aaaaacff1074fb299a84c933da867228197"
    }
  ],
  "root": "0x7b01356cc2e7cfd4740b4231a4426d675500ced795b6b508311c7651ac587722"
}