{
  "index": 150,
  "leaf": "0x78eee47398c21768c6c3d94fda20350bfad4a314da227b1db40ef826e904f2d6",
  "proof": [
    {
      "position": "right",
      "hash": "0x96863766c02ea03a7081b5142fbb58ead45aa914dff75d85c0ddf6e76cfb6c59"
    },
    {
      "position": "left",
      "hash": "0x4476764f3d2479a08545108e5fd07c0e67fd06eab2946fe12fb3b5fc7b06469f"
    },
    {
      "position": "left",
      "hash": "0x2e6e03e149e91dc5479b201aa1243a25506dbdca5fb65a99ce60cd065741d170"
    },
    {
      "position": "right",
      "hash": "0x893aba83475ccbdbd20638df3b0cf65fa564a5f5a22efaf336dc6d6d897fa274"
    },
    {
      "position": "left",
      "hash": "0xb540282ce093c4ee3daff510d56664d2a1ff58b0aee2784e122ca1b8d2895ad3"
    },
    {
      "position": "right",
      "hash": "0x2915da4c60795f41a3f783f604b3d60330c8da93ee82affeaf23a4a662d6192c"
    },
    {
      "position": "right",
      "hash": "0x1dcef5b6b7def510653ca4b265137caea41246fb2b2f8577c27aebab889c1bb1"
    },
    {
      "position": "left",
      "hash": "0x978636fe8847b97a2ed5c07b7b22bb2a4e2e5e24bf76d500d98e3a5aac07a5d7"
    },
    {
      "position": "right",
      "hash": "0xc74566894d728157a797cf024feb7aaaaacff1074fb299a84c933da867228197"
    }
  ],
  "root": "0x7b01356cc2e7cfd4740b4231a4426d675500ced795b6b508311c7651ac587722"
}