{
  "index": 133,
  "leaf": "0x3d85597bbf6feb6b6e5a4ba9cda57ec0ecc388886ca249bae0c4e060307e95c8",
  "proof": [
    {
      "position": "left",
      "hash": "0x864ff25f86e3de69da4a8042729162fa204b6c2bc93c3ba866ac7e45dab32971"
    },
    {
      "position": "right",
      "hash": "0xa987ba5c12eede3b9f79b1cd31a2abc8d9dd573bd41cff1fbdcc8e03e03272f0"
    },
    {
      "position": "left",
      "hash": "0xd4c58d7b66285028fc62707aedd569a503e41bce003f4046e8cd3d51baa24e21"
    },
    {
      "position": "right",
      "hash": "0x5cabf0e39c6da10dfc2d9ae6e178f5db5e4f5177c937e42b9ee024de5c197420"
    },
    {
      "position": "right",
      "hash": "0x849a8e60e9bf38e923e10ce85e2d644af418d29d2bac89a94d0b5ffd7e109d6a"
    },
    {
      "position": "right",
      "hash": "0x2915da4c60795f41a3f783f604b3d60330c8da93ee82affeaf23a4a662d6192c"
    },
    {
      "position": "right",
      "hash": "0x1dcef5b6b7def510653ca4b265137caea41246fb2b2f8577c27aebab889c1bb1"
    },
    {
      "position": "left",
      "hash": "0x978636fe8847b97a2ed5c07b7b22bb2a4e2e5e24bf76d500d98e3a5aac07a5d7"
    },
    {
      "position": "right",
      "hash": "0xc74566894d728157a797cf024feb7aaaaacff1074fb299a84c933da867228197"
    }
  ],
  "root": "0x7b01356cc2e7cfd4740b4231a4426d675500ced795b6b508311c7651ac587722"
}