{
  "index": 184,
  "leaf": "0x7ebc9d468d2487c6a127a26943eb91c49a5cf85236bf49f30cc0b6b0eaad1154",
  "proof": [
    {
      "position": "right",
      "hash": "0x40279a688f7a94a74ab418169cd1014517656020cc103aeaf6c06651937227e7"
    },
    {
      "position": "right",
      "hash": "0x120e4e72b92142ff080e76da937a89bd44ff3eb867caaf88730781c8b9fd1468"
    },
    {
      "position": "right",
      "hash": "0x4fe44c78e7df017437f68e2aaff5693e36f612c96ba39c36e7bed11e6839c8b6"
    },
    {
      "position": "left",
      "hash": "0xd1adb51bd81650d8c4e3a0faf0c276da2f8e08b3f704cfdd582144e1839777c6"
    },
    {
      "position": "left",
      "hash": "0x9cdfdaf2197bf69a0cfccf4b433316194d2d06dd0ef7fe063661d28c7ee38c97"
    },
    {
      "position": "left",
      "hash": "0xf0119639e5b1d6bd35ce9a02330a2cb7a45ac8e76117f1d9cbbedeca36f646b5"
    },
    {
      "position": "right",
      "hash": "0x1dcef5b6b7def510653ca4b265137caea41246fb2b2f8577c27aebab889c1bb1"
    },
    {
      "position": "left",
      "hash": "0x978636fe8847b97a2ed5c07b7b22bb2a4e2e5e24bf76d500d98e3a5aac07a5d7"
    },
    {
      "position": "right",
      "hash": "0xc74566894d728157a797cf024feb7aaaaacff1074fb299a84c933da867228197"
    }
  ],
  "root": "0x7b01356cc2e7cfd4740b4231a4426d675500ced795b6b508311c7651ac587722"
}