{
  "index": 179,
  "leaf": "0xe3b0c44298fc1c149afbf4c8996fb92427ae41e4649b934ca495991b7852b855",
  "proof": [
    {
      "position": "left",
      "hash": "0xc4996fff5fadccc133818a3edfb6f60828d38ff4755a998b47090650afb7598d"
    },
    {
      "position": "left",
      "hash": "0x6ab8840f4b84e68f65e8103a47cf4b3f635bfd84b2813306acbc2eb8f3e884da"
    },
    {
      "position": "right",
      "hash": "0xf805c2ce407beaf045e27f1a4900794c1279a749b5e135506b219a3b739084f2"
    },
    {
      "position": "right",
      "hash": "0xea251c752bf863f1fb5aee7a6e69205f04ed78c9522cc749058a2856a167cef1"
    },
    {
      "position": "left",
      "hash": "0x9cdfdaf2197bf69a0cfccf4b433316194d2d06dd0ef7fe063661d28c7ee38c97"
    },
    {
      "position": "left",
      "hash": "0xf0119639e5b1d6bd35ce9a02330a2cb7a45ac8e76117f1d9cbbedeca36f646b5"
    },
    {
      "position": "right",
      "hash": "0x1dcef5b6b7def510653ca4b265137caea41246fb2b2f8577c27aebab889c1bb1"
    },
    {
      "position": "left",
      "hash": "0x978636fe8847b97a2ed5c07b7b22bb2a4e2e5e24bf76d500d98e3a5aac07a5d7"
    },
    {
      "position": "right",
      "hash": "0xc74566894d728157a797cf024feb7aaaaacff1074fb299a84c933da867228197"
    }
  ],
  "root": "0x7b01356cc2e7cfd4740b4231a4426d675500ced795b6b508311c7651ac587722"
}