{
  "index": 173,
  "leaf": "0xe8560acfcf47c88b03e8c24dfda102e7d12f92d839d071eca4b3da712396edda",
  "proof": [
    {
      "position": "left",
      "hash": "0x26ba2a967ab130b69cc4a10c73a72596efec45795dc6590d00cfadeaf6f0601e"
    },
    {
      "position": "right",
      "hash": "0xa29a657ca82dc5d019d785e5f0fab80427088f3937a095f21301fac907ce83b1"
    },
    {
      "position": "left",
      "hash": "0x27d778706690fec76da8e5df1d682b85a247aa2f1708e647fa8fc932c80bbf10"
    },
    {
      "position": "left",
      "hash": "0xbde6b17407989f77e5278245286a48f716fcf8ec1ddaade5fbcb889a48998b4f"
    },
    {
      "position": "right",
      "hash": "0xda690675072c9c3c116afc4870162cf002fa9e5714a242a48bf45096c79176f3"
    },
    {
      "position": "left",
      "hash": "0xf0119639e5b1d6bd35ce9a02330a2cb7a45ac8e76117f1d9cbbedeca36f646b5"
    },
    {
      "position": "right",
      "hash": "0x1dcef5b6b7def510653ca4b265137caea41246fb2b2f8577c27aebab889c1bb1"
    },
    {
      "position": "left",
      "hash": "0x978636fe8847b97a2ed5c07b7b22bb2a4e2e5e24bf76d500d98e3a5aac07a5d7"
    },
    {
      "position": "right",
      "hash": "0xc74566894d728157a797cf024feb7aaaaacff1074fb299a84c933da867228197"
    }
  ],
  "root": "0x7b01356cc2e7cfd4740b4231a4426d675500ced795b6b508311c7651ac587722"
}