{
  "index": 128,
  "leaf": "0x6ba16fc3e40396d98a3ed651702dddeb59a07e76a68e07153150f57845212fd3",
  "proof": [
    {
      "position": "right",
      "hash": "0x866525ef7cd2f60d18d178ba4f7bb111db6b52fdddc0d8fc1de2a6ff64cadad7"
    },
    {
      "position": "right",
      "hash": "0xc0f8ee7eaf547b154009adbcd91f27dcaa2ddfbe264e6f7e68a6350bc05b79b8"
    },
    {
      "position": "right",
      "hash": "0x89a0303d21ac4ca28b384fcda765dcdd1c8621d4645de71f7807a9cd5cf8d56f"
    },
    {
      "position": "right",
      "hash": "0x5cabf0e39c6da10dfc2d9ae6e178f5db5e4f5177c937e42b9ee024de5c197420"
    },
    {
      "position": "right",
      "hash": "0x849a8e60e9bf38e923e10ce85e2d644af418d29d2bac89a94d0b5ffd7e109d6a"
    },
    {
      "position": "right",
      "hash": "0x2915da4c60795f41a3f783f604b3d60330c8da93ee82affeaf23a4a662d6192c"
    },
    {
      "position": "right",
      "hash": "0x1dcef5b6b7def510653ca4b265137caea41246fb2b2f8577c27aebab889c1bb1"
    },
    {
      "position": "left",
      "hash": "0x978636fe8847b97a2ed5c07b7b22bb2a4e2e5e24bf76d500d98e3a5aac07a5d7"
    },
    {
      "position": "right",
      "hash": "0xc74566894d728157a797cf024feb7aaaaacff1074fb299a84c933da867228197"
    }
  ],
  "root": "0x7b01356cc2e7cfd4740b4231a4426d675500ced795b6b508311c7651ac587722"
}