{
  "index": 159,
  "leaf": "0xb177ce84298467d5e78942ad24876794f0039afcd706eca661d39c26fe31869b",
  "proof": [
    {
      "position": "left",
      "hash": "0xe3b0c44298fc1c149afbf4c8996fb92427ae41e4649b934ca495991b7852b855"
    },
    {
      "position": "left",
      "hash": "0x6acd2d365882caeb1b2e109b3eb24a7ec00e913947800ae5ae96e7d37f0c0f47"
    },
    {
      "position": "left",
      "hash": "0xfa4949953d6943e7eb74ff024e74721c0b3bfdb57c78eab66211b63fb2890be1"
    },
    {
      "position": "left",
      "hash": "0x3c13b3beecb74f8df244acedcaa00d866b5e4becbe37c5c8388deab984c392f1"
    },
    {
      "position": "left",
      "hash": "0xb540282ce093c4ee3daff510d56664d2a1ff58b0aee2784e122ca1b8d2895ad3"
    },
    {
      "position": "right",
      "hash": "0x2915da4c60795f41a3f783f604b3d60330c8da93ee82affeaf23a4a662d6192c"
    },
    {
      "position": "right",
      "hash": "0x1dcef5b6b7def510653ca4b265137caea41246fb2b2f8577c27aebab889c1bb1"
    },
    {
      "position": "left",
      "hash": "0x978636fe8847b97a2ed5c07b7b22bb2a4e2e5e24bf76d500d98e3a5aac07a5d7"
    },
    {
      "position": "right",
      "hash": "0xc74566894d728157a797cf024feb7aaaaacff1074fb299a84c933da867228197"
    }
  ],
  "root": "0x7b01356cc2e7cfd4740b4231a4426d675500ced795b6b508311c7651ac587722"
}