{
  "index": 164,
  "leaf": "0x3f01121ad2fff9ed0e7465f7db592157de8b5a53adf3ebfd0f07c1dc0881129b",
  "proof": [
    {
      "position": "right",
      "hash": "0x9b80f1b9ba7ff0c1b3a115be124148a79a1d8993369781d6a95b688075cd80f8"
    },
    {
      "position": "right",
      "hash": "0xa6c96e2316b35c7fc44c00d408d3aeb58ee4281b5cd78811a86e423dfbfd97d2"
    },
    {
      "position": "left",
      "hash": "0x113ee3c0f16e13a45dfe276c7ebfe2c694955041a8cae074be1b83bce540a349"
    },
    {
      "position": "right",
      "hash": "0x2eaca59d790629c42832af9297ebd8eaaa34d16ca0aec30869651ec84f91d0b8"
    },
    {
      "position": "right",
      "hash": "0xda690675072c9c3c116afc4870162cf002fa9e5714a242a48bf45096c79176f3"
    },
    {
      "position": "left",
      "hash": "0xf0119639e5b1d6bd35ce9a02330a2cb7a45ac8e76117f1d9cbbedeca36f646b5"
    },
    {
      "position": "right",
      "hash": "0x1dcef5b6b7def510653ca4b265137caea41246fb2b2f8577c27aebab889c1bb1"
    },
    {
      "position": "left",
      "hash": "0x978636fe8847b97a2ed5c07b7b22bb2a4e2e5e24bf76d500d98e3a5aac07a5d7"
    },
    {
      "position": "right",
      "hash": "0xc74566894d728157a797cf024feb7aaaaacff1074fb299a84c933da867228197"
    }
  ],
  "root": "0x7b01356cc2e7cfd4740b4231a4426d675500ced795b6b508311c7651ac587722"
}