{
  "index": 177,
  "leaf": "0x9d73ddd07cd4850ce3115cfe6ee333289c29c48667b441bda0261059cdaee882",
  "proof": [
    {
      "position": "left",
      "hash": "0xa177517ca47bcdb3980a26a534cfd39b3811b1e73b98472eb4ba67919efec20b"
    },
    {
      "position": "right",
      "hash": "0x8149b15df932c69a7105be23db687a5ffbf2f041c3e250b67e6b07e9fdb6307a"
    },
    {
      "position": "right",
      "hash": "0xf805c2ce407beaf045e27f1a4900794c1279a749b5e135506b219a3b739084f2"
    },
    {
      "position": "right",
      "hash": "0xea251c752bf863f1fb5aee7a6e69205f04ed78c9522cc749058a2856a167cef1"
    },
    {
      "position": "left",
      "hash": "0x9cdfdaf2197bf69a0cfccf4b433316194d2d06dd0ef7fe063661d28c7ee38c97"
    },
    {
      "position": "left",
      "hash": "0xf0119639e5b1d6bd35ce9a02330a2cb7a45ac8e76117f1d9cbbedeca36f646b5"
    },
    {
      "position": "right",
      "hash": "0x1dcef5b6b7def510653ca4b265137caea41246fb2b2f8577c27aebab889c1bb1"
    },
    {
      "position": "left",
      "hash": "0x978636fe8847b97a2ed5c07b7b22bb2a4e2e5e24bf76d500d98e3a5aac07a5d7"
    },
    {
      "position": "right",
      "hash": "0xc74566894d728157a797cf024feb7aaaaacff1074fb299a84c933da867228197"
    }
  ],
  "root": "0x7b01356cc2e7cfd4740b4231a4426d675500ced795b6b508311c7651ac587722"
}