{
  "index": 257,
  "leaf": "0xe3b0c44298fc1c149afbf4c8996fb92427ae41e4649b934ca495991b7852b855",
  "proof": [
    {
      "position": "left",
      "hash": "0x65d4fafb0b104e56c91e0abc64cde144e85ca4e6305d8f48f5dd6ee3fcfd6e7e"
    },
    {
      "position": "self",
      "hash": "0xcb2040392ebfc962bfa345e8640f23c46706e665733cf068c55e5aeca224421d"
    },
    {
      "position": "self",
      "hash": "0xad570a37ddf29049cdf7d0af991c5c24d6c9beebfa5c9512eabce2a38ba52ce2"
    },
    {
      "position": "self",
      "hash": "0xb501e5240191b5796acf080110808e5a3767d563ae6048f863bc9a0a8ef42a3e"
    },
    {
      "position": "self",
      "hash": "0x941fd4e5dd87c18fd0aa5bac74b6a373d4abf648f58bd16f21eedf82332498db"
    },
    {
      "position": "self",
      "hash": "0xf022dca6aa916f081dad2eff009aaab8d18bf4c06928999007e3cf40a389a8a7"
    },
    {
      "position": "self",
      "hash": "0xafee4bdc03b6a5bbfd27ec7a4817083b5763be20521f2835dc3a64ce4ff24d96"
    },
    {
      "position": "self",
      "hash": "0xe0fb3b8adfe88a093980faa20261e39b6f6ad13d14411a6e9c866790e58807f1"
    },
    {
      "position": "left",
      "hash": "0x158507852802aa85d5ffa624974fc0634ad065796c33668abb3e4bab80b90b65"
    }
  ],
  "root": "0x7b01356cc2e7cfd4740b4231a4426d675500ced795b6b508311c7651ac587722"
}