{
  "index": 147,
  "leaf": "0x0ae654c99989b777bc77e324202281a8970fd9a841c96ba3cd4154af087fb9de",
  "proof": [
    {
      "position": "left",
      "hash": "0x7bc5eeeec5aa49857067b679b0c6ec5e7368d73e9f1f3fb8454c5780a6aa7743"
    },
    {
      "position": "left",
      "hash": "0x2e623a09a3261a649c2158c9a20d0b1286dcc76de13c9f93585e1347385a10fe"
    },
    {
      "position": "right",
      "hash": "0x80261cd07c5ba4e4289b23c94e916fe3bc88d6cf0863caa5c1abf588b645586f"
    },
    {
      "position": "right",
      "hash": "0x893aba83475ccbdbd20638df3b0cf65fa564a5f5a22efaf336dc6d6d897fa274"
    },
    {
      "position": "left",
      "hash": "0xb540282ce093c4ee3daff510d56664d2a1ff58b0aee2784e122ca1b8d2895ad3"
    },
    {
      "position": "right",
      "hash": "0x2915da4c60795f41a3f783f604b3d60330c8da93ee82affeaf23a4a662d6192c"
    },
    {
      "position": "right",
      "hash": "0x1dcef5b6b7def510653ca4b265137caea41246fb2b2f8577c27aebab889c1bb1"
    },
    {
      "position": "left",
      "hash": "0x978636fe8847b97a2ed5c07b7b22bb2a4e2e5e24bf76d500d98e3a5aac07a5d7"
    },
    {
      "position": "right",
      "hash": "0xc74566894d728157a797cf024feb7aaaaacff1074fb299a84c933da867228197"
    }
  ],
  "root": "0x7b01356cc2e7cfd4740b4231a4426d675500ced795b6b508311c7651ac587722"
}