{
  "index": 49,
  "leaf": "0x1b3c7ea694a84d90c573dbfbcb3b281bcc81c2f6a61e79ff6c6f99bda1ff9d8d",
  "proof": [
    {
      "position": "left",
      "hash": "0x5cef6d41bcaea57b108b2a216efd5f9e31299c3de0ff9172c56ba9be28c747cf"
    },
    {
      "position": "right",
      "hash": "0x8f0823856fcc37ed8624b78dfd36a8846a73ea28ccdeea6fa45573e2b25a8e04"
    },
    {
      "position": "right",
      "hash": "0x956568f0cc1f52f5aac6e3a8a58d6ad1eb6107b37278397ec2425a4d4eb55963"
    },
    {
      "position": "right",
      "hash": "0x61fdec01e32b45fc6b07ef5669467538fc0a487356e8f84edf9d2adb515a1d26"
    },
    {
      "position": "left",
      "hash": "0x02cfc94cd9c47af6fa95780c3b1e0e6c7f262ff9acdafe359adda6dc24c3a131"
    },
    {
      "position": "left",
      "hash": "0xb77f834d695bc87c51d31c06df03035cf2cb382f33ba8a4c6afede6cd073a8e9"
    },
    {
      "position": "right",
      "hash": "0x44d6ac7c5292a4e014bb16976541119d88e1ed24164209b9bf4d4b2b3f05c172"
    },
    {
      "position": "right",
      "hash": "0xac94f760ef8755d4d39444ace1508826a09aed39b94331a613802dbf462140e5"
    },
    {
      "position": "right",
      "hash": "0xc74566894d728157a797cf024feb7aaaaacff1074fb299a84c933da867228197"
    }
  ],
  "root": "0x7b01356cc2e7cfd4740b4231a4426d675500ced795b6b508311c7651ac587722"
}