{
  "index": 156,
  "leaf": "0x21d1f11980c7e3a0555cec06bd58e690e9d7a3c19ca6b0937347e3c226370831",
  "proof": [
    {
      "position": "right",
      "hash": "0x5b1e6632fc6ee2cf1c10f2240ea0bff7ca81f3f7fe4da29c97afcb7f357be4c3"
    },
    {
      "position": "right",
      "hash": "0x54a418549baef3d3c175fe6c541aa2592d30f1d238516ab12708832a00f4c52f"
    },
    {
      "position": "left",
      "hash": "0xfa4949953d6943e7eb74ff024e74721c0b3bfdb57c78eab66211b63fb2890be1"
    },
    {
      "position": "left",
      "hash": "0x3c13b3beecb74f8df244acedcaa00d866b5e4becbe37c5c8388deab984c392f1"
    },
    {
      "position": "left",
      "hash": "0xb540282ce093c4ee3daff510d56664d2a1ff58b0aee2784e122ca1b8d2895ad3"
    },
    {
      "position": "right",
      "hash": "0x2915da4c60795f41a3f783f604b3d60330c8da93ee82affeaf23a4a662d6192c"
    },
    {
      "position": "right",
      "hash": "0x1dcef5b6b7def510653ca4b265137caea41246fb2b2f8577c27aebab889c1bb1"
    },
    {
      "position": "left",
      "hash": "0x978636fe8847b97a2ed5c07b7b22bb2a4e2e5e24bf76d500d98e3a5aac07a5d7"
    },
    {
      "position": "right",
      "hash": "0xc74566894d728157a797cf024feb7aaaaacff1074fb299a84c933da867228197"
    }
  ],
  "root": "0x7b01356cc2e7cfd4740b4231a4426d675500ced795b6b508311c7651ac587722"
}