{
  "index": 67,
  "leaf": "0x0c34314680c7d185eb77c7a6500060fce0d3bcaf9ea9c2c0e78913a1017c47e8",
  "proof": [
    {
      "position": "left",
      "hash": "0x8b6fa01313ce51afc09e610f819250da501778ad363cba4f9e312a6ec823d42a"
    },
    {
      "position": "left",
      "hash": "0x2aa959e308c7d9cfd7f327e815bded5b88da80b9069f5bdbb700923d8d6887dd"
    },
    {
      "position": "right",
      "hash": "0x20b4bf68c1d6630458caa5166ba86258419d0f9a9e65ff23cb9d7680c59a69da"
    },
    {
      "position": "right",
      "hash": "0xcb5c273fe5b78eae99c230c410f5dff54af82b25d0d93452d732522aeaaa293c"
    },
    {
      "position": "right",
      "hash": "0xd831c1cb882a4eb357cdc00b8e595ee943232e2c6d12a3079c5d796fae68b05d"
    },
    {
      "position": "right",
      "hash": "0xca52436d476ce75723a9069f7d57ac72a1afb6f10e07d3d73d4d2e2f4e2a8bfb"
    },
    {
      "position": "left",
      "hash": "0xb5a4aaff9bc2a1723c24f5acee96c8d76295490fed14e3813e87e9fb624a9b74"
    },
    {
      "position": "right",
      "hash": "0xac94f760ef8755d4d39444ace1508826a09aed39b94331a613802dbf462140e5"
    },
    {
      "position": "right",
      "hash": "0xc74566894d728157a797cf024feb7aaaaacff1074fb299a84c933da867228197"
    }
  ],
  "root": "0x7b01356cc2e7cfd4740b4231a4426d675500ced795b6b508311c7651ac587722"
}