{
  "index": 58,
  "leaf": "0x2a44168318e224e1f830fe9ab620aa00dd4f7b3fb19ef4399abf59593cf0756d",
  "proof": [
    {
      "position": "right",
      "hash": "0x8b6fa01313ce51afc09e610f819250da501778ad363cba4f9e312a6ec823d42a"
    },
    {
      "position": "left",
      "hash": "0x7bcedd6ecb11293cea171aae4a601dabdea54e353138392e2b15802b516db0ba"
    },
    {
      "position": "right",
      "hash": "0x4c1fbdafffc5aa16e7e76c782f5e5111d582552741bcd306ed3cdeec5e89fe75"
    },
    {
      "position": "left",
      "hash": "0x0f56472a440dd510ae755ab703c73f80efec0f27a7ae0686b9473feb20a385e1"
    },
    {
      "position": "left",
      "hash": "0x02cfc94cd9c47af6fa95780c3b1e0e6c7f262ff9acdafe359adda6dc24c3a131"
    },
    {
      "position": "left",
      "hash": "0xb77f834d695bc87c51d31c06df03035cf2cb382f33ba8a4c6afede6cd073a8e9"
    },
    {
      "position": "right",
      "hash": "0x44d6ac7c5292a4e014bb16976541119d88e1ed24164209b9bf4d4b2b3f05c172"
    },
    {
      "position": "right",
      "hash": "0xac94f760ef8755d4d39444ace1508826a09aed39b94331a613802dbf462140e5"
    },
    {
      "position": "right",
      "hash": "0xc74566894d728157a797cf024feb7aaaaacff1074fb299a84c933da867228197"
    }
  ],
  "root": "0x7b01356cc2e7cfd4740b4231a4426d675500ced795b6b508311c7651ac587722"
}