{
  "index": 136,
  "leaf": "0x4a50a45c0a02e54cd1971c8e115dc1342d11540bd4721b1dec3f7841992ef691",
  "proof": [
    {
      "position": "right",
      "hash": "0xe69dfafcf02b3461c0b1832cb82129f00455c506381b5b386e1bfbb9b7e5a2bc"
    },
    {
      "position": "right",
      "hash": "0x0da974c7ca6582f913fb39ebcc1dacc4b5baa4d3eccb4ece30510ed7d3f0e115"
    },
    {
      "position": "right",
      "hash": "0x7b97b65c9b65b5cab88b484c342dca28c2b24b316aa6ae7618397e0bcfcf6547"
    },
    {
      "position": "left",
      "hash": "0x6ca050956265ae39cb369915a4a0003f7afcd7f2536e0ca3841159f38455dfd9"
    },
    {
      "position": "right",
      "hash": "0x849a8e60e9bf38e923e10ce85e2d644af418d29d2bac89a94d0b5ffd7e109d6a"
    },
    {
      "position": "right",
      "hash": "0x2915da4c60795f41a3f783f604b3d60330c8da93ee82affeaf23a4a662d6192c"
    },
    {
      "position": "right",
      "hash": "0x1dcef5b6b7def510653ca4b265137caea41246fb2b2f8577c27aebab889c1bb1"
    },
    {
      "position": "left",
      "hash": "0x978636fe8847b97a2ed5c07b7b22bb2a4e2e5e24bf76d500d98e3a5aac07a5d7"
    },
    {
      "position": "right",
      "hash": "0xc74566894d728157a797cf024feb7aaaaacff1074fb299a84c933da867228197"
    }
  ],
  "root": "0x7b01356cc2e7cfd4740b4231a4426d675500ced795b6b508311c7651ac587722"
}