{
  "index": 152,
  "leaf": "0x61590638020ade7fb714bf40db1a62138c03653be1421802e6d580fac20a0458",
  "proof": [
    {
      "position": "right",
      "hash": "0x6e137489ff3362cd2a35f7b9d15008ecd462fca3ac773a67052cdfdd04d58fbd"
    },
    {
      "position": "right",
      "hash": "0x4476764f3d2479a08545108e5fd07c0e67fd06eab2946fe12fb3b5fc7b06469f"
    },
    {
      "position": "right",
      "hash": "0xdd3a04f3a68b0570b86735820803557e60b0e7774ed58ee669342978e7cb6a74"
    },
    {
      "position": "left",
      "hash": "0x3c13b3beecb74f8df244acedcaa00d866b5e4becbe37c5c8388deab984c392f1"
    },
    {
      "position": "left",
      "hash": "0xb540282ce093c4ee3daff510d56664d2a1ff58b0aee2784e122ca1b8d2895ad3"
    },
    {
      "position": "right",
      "hash": "0x2915da4c60795f41a3f783f604b3d60330c8da93ee82affeaf23a4a662d6192c"
    },
    {
      "position": "right",
      "hash": "0x1dcef5b6b7def510653ca4b265137caea41246fb2b2f8577c27aebab889c1bb1"
    },
    {
      "position": "left",
      "hash": "0x978636fe8847b97a2ed5c07b7b22bb2a4e2e5e24bf76d500d98e3a5aac07a5d7"
    },
    {
      "position": "right",
      "hash": "0xc74566894d728157a797cf024feb7aaaaacff1074fb299a84c933da867228197"
    }
  ],
  "root": "0x7b01356cc2e7cfd4740b4231a4426d675500ced795b6b508311c7651ac587722"
}