{
  "index": 63,
  "leaf": "0x5b9303e6d6d472caa3b5ae8731f72af77cf52172b71d67e3d1e5ec0700f7c544",
  "proof": [
    {
      "position": "left",
      "hash": "0x7ce0ca656c6a3db901e21d5ae76bad3728196d1c58c1d5a7e73f5e2951379828"
    },
    {
      "position": "left",
      "hash": "0xf6432110b7a53672f4338d695f2ec1b7a20dbd3b266dbdecd5a37beafbdc40dd"
    },
    {
      "position": "left",
      "hash": "0x67c3cfa8bb3410b8f441e4f3d34f5dcee1a06308c034f2bd2a444b41aa772107"
    },
    {
      "position": "left",
      "hash": "0x0f56472a440dd510ae755ab703c73f80efec0f27a7ae0686b9473feb20a385e1"
    },
    {
      "position": "left",
      "hash": "0x02cfc94cd9c47af6fa95780c3b1e0e6c7f262ff9acdafe359adda6dc24c3a131"
    },
    {
      "position": "left",
      "hash": "0xb77f834d695bc87c51d31c06df03035cf2cb382f33ba8a4c6afede6cd073a8e9"
    },
    {
      "position": "right",
      "hash": "0x44d6ac7c5292a4e014bb16976541119d88e1ed24164209b9bf4d4b2b3f05c172"
    },
    {
      "position": "right",
      "hash": "0xac94f760ef8755d4d39444ace1508826a09aed39b94331a613802dbf462140e5"
    },
    {
      "position": "right",
      "hash": "0xc74566894d728157a797cf024feb7aaaaacff1074fb299a84c933da867228197"
    }
  ],
  "root": "0x7b01356cc2e7cfd4740b4231a4426d675500ced795b6b508311c7651ac587722"
}