{
  "index": 142,
  "leaf": "0x069c61a9db89312f227c0f7217e5c3abff37679807983724ba66359c59bd24a8",
  "proof": [
    {
      "position": "right",
      "hash": "0x8b6fa01313ce51afc09e610f819250da501778ad363cba4f9e312a6ec823d42a"
    },
    {
      "position": "left",
      "hash": "0x6e7e34accd5c87a05ee274bff6ce0a6bedaefc374e47aeee1572b7617f73a891"
    },
    {
      "position": "left",
      "hash": "0x15f72c31fe1d9d8fc9e7089335afe5b4dfe8b25693eb4026a84a3e5120c07be2"
    },
    {
      "position": "left",
      "hash": "0x6ca050956265ae39cb369915a4a0003f7afcd7f2536e0ca3841159f38455dfd9"
    },
    {
      "position": "right",
      "hash": "0x849a8e60e9bf38e923e10ce85e2d644af418d29d2bac89a94d0b5ffd7e109d6a"
    },
    {
      "position": "right",
      "hash": "0x2915da4c60795f41a3f783f604b3d60330c8da93ee82affeaf23a4a662d6192c"
    },
    {
      "position": "right",
      "hash": "0x1dcef5b6b7def510653ca4b265137caea41246fb2b2f8577c27aebab889c1bb1"
    },
    {
      "position": "left",
      "hash": "0x978636fe8847b97a2ed5c07b7b22bb2a4e2e5e24bf76d500d98e3a5aac07a5d7"
    },
    {
      "position": "right",
      "hash": "0xc74566894d728157a797cf024feb7aaaaacff1074fb299a84c933da867228197"
    }
  ],
  "root": "0x7b01356cc2e7cfd4740b4231a4426d675500ced795b6b508311c7651ac587722"
}