{
  "index": 35,
  "leaf": "0x0d2431de3e4addb8aa97706b6fc48e800d7f486e6a9d6fc363b842a6b62e3bd7",
  "proof": [
    {
      "position": "left",
      "hash": "0xab5e2214aa19d61b5c0ce659fbfbb7b62c40b4fe4f2caca8205a5fd903e4ebbb"
    },
    {
      "position": "left",
      "hash": "0x3c9131f5701697ae5944f2035f58460ba29ad8f747eef40af56bba5c89c4c2f6"
    },
    {
      "position": "right",
      "hash": "0x0eccba35b737e00f4d0f3e644a2df4de550ac7d9bb8e068360df0c1346e23ce2"
    },
    {
      "position": "right",
      "hash": "0x52015a847d6127fd02423be1074c87115ce487df4aa985d154ae3f2c609dc91d"
    },
    {
      "position": "right",
      "hash": "0xc2e1eb848597f69cef2a3154ad93245c874afaba5c510d92207abb4891ce6253"
    },
    {
      "position": "left",
      "hash": "0xb77f834d695bc87c51d31c06df03035cf2cb382f33ba8a4c6afede6cd073a8e9"
    },
    {
      "position": "right",
      "hash": "0x44d6ac7c5292a4e014bb16976541119d88e1ed24164209b9bf4d4b2b3f05c172"
    },
    {
      "position": "right",
      "hash": "0xac94f760ef8755d4d39444ace1508826a09aed39b94331a613802dbf462140e5"
    },
    {
      "position": "right",
      "hash": "0xc74566894d728157a797cf024feb7aaaaacff1074fb299a84c933da867228197"
    }
  ],
  "root": "0x7b01356cc2e7cfd4740b4231a4426d675500ced795b6b508311c7651ac587722"
}