{
  "index": 206,
  "leaf": "0xfd22e9a356eadc38cf45aef0fa31d29b173e9d40d314099179dc7c696cfabcc2",
  "proof": [
    {
      "position": "right",
      "hash": "0xe02e0f9a06dd42aee4e75408c9aa9a57498f1fe6a22ac11e4b39bbd9061b7e4f"
    },
    {
      "position": "left",
      "hash": "0x7d62cc1f4398b69d2ab9ad52640515cdedbd3d90bcfb9a474b742e9f91023838"
    },
    {
      "position": "left",
      "hash": "0x4de05d8d2dc2caa8c15d3bfa4718c550877878654d56a541d210e57e4c1dcd12"
    },
    {
      "position": "left",
      "hash": "0xbb4839befde6b13d4ac16351041b7b3bc06e03377a9e7dd06a267dd3123d5d1e"
    },
    {
      "position": "right",
      "hash": "0xe145ff347a7992d52f438a301bb3c38fe24efd88542456c7d95f9948b5ecad5b"
    },
    {
      "position": "right",
      "hash": "0x4e77d89e4e9a490d07fc51a8b5d509cb0c75e720bc4ed6863d7e5da56f1a7245"
    },
    {
      "position": "left",
      "hash": "0x66759d74b471815059978819b97c3e0ee61061bcd7ed62d65eae6009b7b7b46c"
    },
    {
      "position": "left",
      "hash": "0x978636fe8847b97a2ed5c07b7b22bb2a4e2e5e24bf76d500d98e3a5aac07a5d7"
    },
    {
      "position": "right",
      "hash": "0xc74566894d728157a797cf024feb7aaaaacff1074fb299a84c933da867228197"
    }
  ],
  "root": "0x7b01356cc2e7cfd4740b4231a4426d675500ced795b6b508311c7651ac587722"
}