{
  "index": 135,
  "leaf": "0x712359aa35d891baac7162cfddeb2eb1a800a51d2af23e1dc5689ae3aa81ea25",
  "proof": [
    {
      "position": "left",
      "hash": "0xe3b0c44298fc1c149afbf4c8996fb92427ae41e4649b934ca495991b7852b855"
    },
    {
      "position": "left",
      "hash": "0x93105eed1aada9e7d69d76a2ba08b06eebb5581a8b8f42636e0c8144d11541af"
    },
    {
      "position": "left",
      "hash": "0xd4c58d7b66285028fc62707aedd569a503e41bce003f4046e8cd3d51baa24e21"
    },
    {
      "position": "right",
      "hash": "0x5cabf0e39c6da10dfc2d9ae6e178f5db5e4f5177c937e42b9ee024de5c197420"
    },
    {
      "position": "right",
      "hash": "0x849a8e60e9bf38e923e10ce85e2d644af418d29d2bac89a94d0b5ffd7e109d6a"
    },
    {
      "position": "right",
      "hash": "0x2915da4c60795f41a3f783f604b3d60330c8da93ee82affeaf23a4a662d6192c"
    },
    {
      "position": "right",
      "hash": "0x1dcef5b6b7def510653ca4b265137caea41246fb2b2f8577c27aebab889c1bb1"
    },
    {
      "position": "left",
      "hash": "0x978636fe8847b97a2ed5c07b7b22bb2a4e2e5e24bf76d500d98e3a5aac07a5d7"
    },
    {
      "position": "right",
      "hash": "0xc74566894d728157a797cf024feb7aaaaacff1074fb299a84c933da867228197"
    }
  ],
  "root": "0x7b01356cc2e7cfd4740b4231a4426d675500ced795b6b508311c7651ac587722"
}