{
  "index": 161,
  "leaf": "0xda488a04cf2e34b42ea314cac71e0c659a722f8c6694e21c099e610287f5bcfd",
  "proof": [
    {
      "position": "left",
      "hash": "0xe3b0c44298fc1c149afbf4c8996fb92427ae41e4649b934ca495991b7852b855"
    },
    {
      "position": "right",
      "hash": "0x75a4c0c23177f7c97665245141cc7a5757c7af5ca41b49cc56deeed03d1fb5b2"
    },
    {
      "position": "right",
      "hash": "0x7c1811d321e6cbe728ff86f1b3cc3e20cc4a81a11591a6a14236381ba2baeeab"
    },
    {
      "position": "right",
      "hash": "0x2eaca59d790629c42832af9297ebd8eaaa34d16ca0aec30869651ec84f91d0b8"
    },
    {
      "position": "right",
      "hash": "0xda690675072c9c3c116afc4870162cf002fa9e5714a242a48bf45096c79176f3"
    },
    {
      "position": "left",
      "hash": "0xf0119639e5b1d6bd35ce9a02330a2cb7a45ac8e76117f1d9cbbedeca36f646b5"
    },
    {
      "position": "right",
      "hash": "0x1dcef5b6b7def510653ca4b265137caea41246fb2b2f8577c27aebab889c1bb1"
    },
    {
      "position": "left",
      "hash": "0x978636fe8847b97a2ed5c07b7b22bb2a4e2e5e24bf76d500d98e3a5aac07a5d7"
    },
    {
      "position": "right",
      "hash": "0xc74566894d728157a797cf024feb7aaaaacff1074fb299a84c933da867228197"
    }
  ],
  "root": "0x7b01356cc2e7cfd4740b4231a4426d675500ced795b6b508311c7651ac587722"
}