{
  "index": 170,
  "leaf": "0xf0dfd2df1f6cd95c15febe30531eb4bacfa925809df07b6aa8aae42826bb9d0a",
  "proof": [
    {
      "position": "right",
      "hash": "0x05a8475feebbfea685ece06045be63722edc61bb2ade8060a9f03aed6d49f454"
    },
    {
      "position": "left",
      "hash": "0x4e4c0aaf24aad519e6ab5bd3e6ce27fc6a83795422720062284b07824f838140"
    },
    {
      "position": "right",
      "hash": "0x2ec0944c8eb068431d8580b18592efa47778f8896d23ef0052030c472f2787b0"
    },
    {
      "position": "left",
      "hash": "0xbde6b17407989f77e5278245286a48f716fcf8ec1ddaade5fbcb889a48998b4f"
    },
    {
      "position": "right",
      "hash": "0xda690675072c9c3c116afc4870162cf002fa9e5714a242a48bf45096c79176f3"
    },
    {
      "position": "left",
      "hash": "0xf0119639e5b1d6bd35ce9a02330a2cb7a45ac8e76117f1d9cbbedeca36f646b5"
    },
    {
      "position": "right",
      "hash": "0x1dcef5b6b7def510653ca4b265137caea41246fb2b2f8577c27aebab889c1bb1"
    },
    {
      "position": "left",
      "hash": "0x978636fe8847b97a2ed5c07b7b22bb2a4e2e5e24bf76d500d98e3a5aac07a5d7"
    },
    {
      "position": "right",
      "hash": "0xc74566894d728157a797cf024feb7aaaaacff1074fb299a84c933da867228197"
    }
  ],
  "root": "0x7b01356cc2e7cfd4740b4231a4426d675500ced795b6b508311c7651ac587722"
}