{
  "index": 166,
  "leaf": "0x8ce8689be42237098be02105417221113f6cfad95aebf6d032bf4aa84f2336e6",
  "proof": [
    {
      "position": "right",
      "hash": "0xc6eddca41c773783e05fdc53cb09649dde2181befe0253ed803c86d07d8a5fdf"
    },
    {
      "position": "left",
      "hash": "0xe0fe41d3685e7719e42cda778021b4500b58d4bcfcc77075fd925e4856ae6f5c"
    },
    {
      "position": "left",
      "hash": "0x113ee3c0f16e13a45dfe276c7ebfe2c694955041a8cae074be1b83bce540a349"
    },
    {
      "position": "right",
      "hash": "0x2eaca59d790629c42832af9297ebd8eaaa34d16ca0aec30869651ec84f91d0b8"
    },
    {
      "position": "right",
      "hash": "0xda690675072c9c3c116afc4870162cf002fa9e5714a242a48bf45096c79176f3"
    },
    {
      "position": "left",
      "hash": "0xf0119639e5b1d6bd35ce9a02330a2cb7a45ac8e76117f1d9cbbedeca36f646b5"
    },
    {
      "position": "right",
      "hash": "0x1dcef5b6b7def510653ca4b265137caea41246fb2b2f8577c27aebab889c1bb1"
    },
    {
      "position": "left",
      "hash": "0x978636fe8847b97a2ed5c07b7b22bb2a4e2e5e24bf76d500d98e3a5aac07a5d7"
    },
    {
      "position": "right",
      "hash": "0xc74566894d728157a797cf024feb7aaaaacff1074fb299a84c933da867228197"
    }
  ],
  "root": "0x7b01356cc2e7cfd4740b4231a4426d675500ced795b6b508311c7651ac587722"
}