{
  "index": 89,
  "leaf": "0xde4d8cfaa28f3aa6b82f7e358ce957bf61944409af6336d1f6731e760efc1c8d",
  "proof": [
    {
      "position": "left",
      "hash": "0x05a8475feebbfea685ece06045be63722edc61bb2ade8060a9f03aed6d49f454"
    },
    {
      "position": "right",
      "hash": "0x706e5cbfd1eb18acf9a443dd484d0b9c35bb56b8ef174784dd5944e15af27d8e"
    },
    {
      "position": "right",
      "hash": "0x3200e8dadb66c5ae685d38df93920f9e31b92c8f9efb791985b0f340a59dc45f"
    },
    {
      "position": "left",
      "hash": "0x39dba2456e44c1fc4ff1ba36bb318b94baeac70d29a13e7abce1d5e951d1aad5"
    },
    {
      "position": "left",
      "hash": "0x64f915e4287ee3cb4b3c21aef8f25586329fa902fb6350da0c41c6ef575d3415"
    },
    {
      "position": "right",
      "hash": "0xca52436d476ce75723a9069f7d57ac72a1afb6f10e07d3d73d4d2e2f4e2a8bfb"
    },
    {
      "position": "left",
      "hash": "0xb5a4aaff9bc2a1723c24f5acee96c8d76295490fed14e3813e87e9fb624a9b74"
    },
    {
      "position": "right",
      "hash": "0xac94f760ef8755d4d39444ace1508826a09aed39b94331a613802dbf462140e5"
    },
    {
      "position": "right",
      "hash": "0xc74566894d728157a797cf024feb7aaaaacff1074fb299a84c933da867228197"
    }
  ],
  "root": "0x7b01356cc2e7cfd4740b4231a4426d675500ced795b6b508311c7651ac587722"
}