{
  "types": {
    "EIP712Domain": [
      {
        "name": "name",
        "type": "string"
      },
      {
        "name": "version",
        "type": "string"
      },
      {
        "name": "chainId",
        "type": "uint256"
      },
      {
        "name": "verifyingContract",
        "type": "address"
      }
    ],
    "HAPAttestation": [
      {
        "name": "subject",
        "type": "address"
      },
      {
        "name": "assetId",
        "type": "bytes32"
      },
      {
        "name": "fileHash",
        "type": "bytes32"
      },
      {
        "name": "merkleRoot",
        "type": "bytes32"
      },
      {
        "name": "chainTip",
        "type": "bytes32"
      },
      {
        "name": "fpBps",
        "type": "uint16"
      },
      {
        "name": "sbBps",
        "type": "uint16"
      },
      {
        "name": "start",
        "type": "uint256"
      },
      {
        "name": "end",
        "type": "uint256"
      },
      {
        "name": "nonce",
        "type": "uint256"
      }
    ]
  },
  "primaryType": "HAPAttestation",
  "domain": {
    "name": "HAPAttestation",
    "version": "1",
    "chainId": 1,
    "verifyingContract": "0x0000000000000000000000000000000000000000"
  },
  "message": {
    "subject": "0x0000000000000000000000000000000000000000",
    "assetId": "0x0000000000000000000000000000000000000000000000000000000000000000",
    "fileHash": "0x0c18798ab852577c4c985d7234db7b5421b45edcac99f455f40ac599ac95cd34",
    "merkleRoot": "0x7b01356cc2e7cfd4740b4231a4426d675500ced795b6b508311c7651ac587722",
    "chainTip": "0xa25c7c7a2149bc25c4db337c48d40ea0f974507b940e43521d062964df945922",
    "fpBps": 9500,
    "sbBps": 10500,
    "start": 1765260328,
    "end": 1765865128,
    "nonce": 0
  }
}